Workbook

Sheet Rohdaten
A1: Info
A2: Name | B2: Vorname | C2: Adresse | D2: Telefon | E2: Email | F2: Betreuung | G2: Kaltmiete | H2: NK Vertrag | I2: NK aktuell | J2: Etage | K2: Gesamtmiete | L2: Nachzahlung 20 [+] | M2: erhalten/ausgezahlt | N2: Nachzahlung 21 [+] | O2: erhalten/ausgezahlt
A3: Zöller | B3: Georg und Margred | C3: Karlshafenerstraße 17, 34128 Kassel | E3: georg@zoeller-ks.de | F3: - | G3: 1000 | H3: 250 | I3: 320 | J3: 0 | K3: =SUM(G3+I3) -> 1320 | L3: -476.55 | M3: G
A4: Kozakevych | B4: Oleksandr und Maryna | C4: Karlshafenerstraße 17, 34128 Kassel | E4: t.kozakevich09@gmail.com | F4: melanie.griedl@kassel.de | G4: 600 | H4: 230 | I4: 270 | J4: 1 | K4: 830
A5: Akinci | B5: Azad | C5: Karlshafenerstraße 17, 34128 Kassel | E5: azadtugba47@gmail.com | F5: betreuungen-schirmaier@posteo.de | G5: 600 | H5: 125 | I5: 300 | J5: 2 | K5: =SUM(G5+I5) -> 900 | L5: 230.43 | M5: n
A6: Hamich | B6: Adam | C6: Karlshafenerstraße 17, 34128 Kassel | E6: hamesho1996@hotmail.com | F6: Susanne.Jeck@caritas-kassel.de | G6: 295 | H6: 100 | I6: 190 | J6: 3 | K6: =SUM(G6+I6) -> 485 | L6: 72.9 | M6: 44601
A7: Baba | B7: Duk | C7: Wilhelmshöherallee 200, 34119 Kassel | E7: babaduk94@hotmail.com | G7: 750 | H7: 300 | I7: 300 | J7: 2 | K7: =G7+I7 -> 1050
A8: Radtke | B8: Marcel | C8: Heestweg 2, 22143 Hamburg | G8: =924.08+50 -> 974.08 | H8: 250 | I8: 280 | J8: 1 | K8: =G8+I8 -> 1254.08
A9: Al-Othman | B9: Mahmoud und Ali | C9: Nebelthaustraße 12, Kassel | G9: 750 | H9: 200 | I9: 200 | J9: 0 | K9: =+I9+G9 -> 950
A10: Archiv
A11: Purschke | B11: Jürgen | C11: Sandweg 1A, 34128 Kassel | D11: 0561880827 | F11: m | G11: 490 | H11: 70 | I11: 110 | J11: 1 | K11: =SUM(G11+I11) -> 600 | L11: 399.81 | M11: 44694
A15: Änderungen der Mietzahlungen | L15: Nebekostennachzahlung
A16: Name | B16: Kaution bezahlt | C16: Summe | D16: bezahlt ab | E16: Summe | F16: bezahlt ab | G16: Summe | H16: bezahlt ab | I16: Summe | J16: bezahlt bis | L16: bezahlt am | M16: Betrag für 2020 | N16: bezahlt am | O16: Betrag für 2021
A17: Zöller | C17: 0 | D17: 44012 | E17: 1250
A18: Kozakevych | D18: 44805 | E18: 830
A19: Akinci | B19: 43973 | C19: 700 | D19: 44011 | E19: 700 | F19: 44607 | G19: 750
A20: Hamich | C20: nicht im Mietvertrag | D20: 44043 | E20: 395 | F20: 44620 | G20: 415 | L20: 44601 | M20: 72.9
A21: Radtke | B21: 44211 | C21: 1500 | D21: 44712 | E21: 1170.78 | F21: 45049 | G21: 1218.2 | H21: 45385 | I21: 1235.96
A22: Archiv
A23: Purschke | C23: 0 | D23: 44105 | E23: 560 | J23: 44713 | L23: 44694 | M23: 399.81
A29: Nachricht für Kozakevych | B29: das Guthaben für die Nebenkostenabrechnung 2022 in Höhe von 568,11 Euro (Anteil 2/3 378,74 Euro) haben wir mit der Mietzahlung für Oktober 2024 verrechnet.
B31: Das Guthaben für die Nebenkostenabrechnung 2023 in Höhe von 724,83 Euro (Anteil 2/3 483,22 Euro) werden wir mit der Mietzahlung für März und April 2025 verrechnen.

Sheet Mieterliste
A1: Mieterliste | K1: Mein Anteil
B2: =Rohdaten!A2 -> Name | C2: =Rohdaten!B2 -> Vorname | D2: =Rohdaten!C2 -> Adresse | E2: =Rohdaten!G2 -> Kaltmiete | F2: Nebenkosten | G2: =Rohdaten!K2 -> Gesamtmiete | I2: Anteil | J2: Kaltmiete | K2: Nebenkosten | L2: Gesamtmiete
B3: =Rohdaten!A3 -> Zöller | C3: =Rohdaten!B3 -> Georg und Margred | D3: =Rohdaten!C3 -> Karlshafenerstraße 17, 34128 Kassel | E3: =Rohdaten!G3 -> 1000 | F3: =Rohdaten!I3 -> 320 | G3: =Rohdaten!K3 -> 1320 | I3: =1/2 -> 0.5 | J3: =E3*I3 -> 500 | K3: =I3*F3 -> 160 | L3: =I3*G3 -> 660
B4: =Rohdaten!A4 -> Kozakevych | C4: =Rohdaten!B4 -> Oleksandr und Maryna | D4: =Rohdaten!C4 -> Karlshafenerstraße 17, 34128 Kassel | E4: =Rohdaten!G4 -> 600 | F4: =Rohdaten!I4 -> 270 | G4: =Rohdaten!K4 -> 830 | I4: =1/2 -> 0.5 | J4: =E4*I4 -> 300 | K4: =I4*F4 -> 135 | L4: =I4*G4 -> 415
B5: =Rohdaten!A5 -> Akinci | C5: =Rohdaten!B5 -> Azad | D5: =Rohdaten!C5 -> Karlshafenerstraße 17, 34128 Kassel | E5: =Rohdaten!G5 -> 600 | F5: =Rohdaten!I5 -> 300 | G5: =Rohdaten!K5 -> 900 | I5: =1/2 -> 0.5 | J5: =E5*I5 -> 300 | K5: =I5*F5 -> 150 | L5: =I5*G5 -> 450
B6: =Rohdaten!A6 -> Hamich | C6: =Rohdaten!B6 -> Adam | D6: =Rohdaten!C6 -> Karlshafenerstraße 17, 34128 Kassel | E6: =Rohdaten!G6 -> 295 | F6: =Rohdaten!I6 -> 190 | G6: =Rohdaten!K6 -> 485 | I6: =1/2 -> 0.5 | J6: =E6*I6 -> 147.5 | K6: =I6*F6 -> 95 | L6: =I6*G6 -> 242.5
B7: =Rohdaten!A7 -> Baba | C7: =Rohdaten!B7 -> Duk | D7: =Rohdaten!C7 -> Wilhelmshöherallee 200, 34119 Kassel | E7: =Rohdaten!G7 -> 750 | F7: =Rohdaten!I7 -> 300 | G7: =Rohdaten!K7 -> 1050 | I7: =1/2 -> 0.5 | J7: =E7*I7 -> 375 | K7: =I7*F7 -> 150 | L7: =I7*G7 -> 525
B8: =Rohdaten!A8 -> Radtke | C8: =Rohdaten!B8 -> Marcel | D8: =Rohdaten!C8 -> Heestweg 2, 22143 Hamburg | E8: =Rohdaten!G8 -> 974.08 | F8: =Rohdaten!I8 -> 280 | G8: =Rohdaten!K8 -> 1254.08 | I8: =1/3 -> 0.33333333 | J8: =E8*I8 -> 324.69333 | K8: =I8*F8 -> 93.333333 | L8: =I8*G8 -> 418.02667
B9: =Rohdaten!A9 -> Al-Othman | C9: =Rohdaten!B9 -> Mahmoud und Ali | D9: =Rohdaten!C9 -> Nebelthaustraße 12, Kassel | E9: =Rohdaten!G9 -> 750 | F9: =Rohdaten!I9 -> 200 | G9: =Rohdaten!K9 -> 950 | I9: =1/2 -> 0.5 | J9: =E9*I9 -> 375 | K9: =I9*F9 -> 100 | L9: =I9*G9 -> 475
E11: =SUM(E3:E9) -> 4969.08 | F11: =SUM(F3:F9) -> 1860 | G11: =SUM(G3:G9) -> 6789.08 | J11: =SUM(J3:J9) -> 2322.1933 | K11: =SUM(K3:K9) -> 883.33333 | L11: =SUM(L3:L9) -> 3185.5267

Sheet Rentabilität
A1: Rentabilität Immobilien
A2: Gelbe Felder sind manuelle Eingaben. Mieten und Anteile kommen aus der Mieterliste.
A4: Kaltmiete p.a. mein Anteil | B4: =SUM(G7:G10) -> 27866.32 | C4: Zinskosten p.a. mein Anteil | D4: =SUM(M7:M10) -> 6731.5333 | E4: Laufende Kosten p.a. mein Anteil | F4: =SUM(O7:O10) -> 1900 | G4: Nettoertrag p.a. mein Anteil | H4: =SUM(V7:V10) -> 19234.787
A5: Ø Bruttorendite gesamt | B5: =IFERROR(AVERAGE(S7:S10),"") -> 0.049279777 | C5: Ø Rendite inkl. Zusatzkosten | D5: =IFERROR(AVERAGE(U7:U10),"") -> 0.049279777 | E5: Ø Netto-EK-Rendite | F5: =IFERROR(AVERAGE(X7:X10),"") -> 0.10861417 | G5: Kaufpreisfaktor Ø | H5: =IFERROR(AVERAGE(R7:R10),"") -> 21.522659
A6: Immobilie | B6: Mieter | C6: Anteil | D6: Kaltmiete mtl. gesamt | E6: Kaltmiete p.a. gesamt | F6: Kaltmiete mtl. mein Anteil | G6: Kaltmiete p.a. mein Anteil | H6: Kaufpreis gesamt | I6: Kaufpreis mein Anteil | J6: Restschuld gesamt | K6: Restschuld mein Anteil | L6: Zinssatz | M6: Zinskosten p.a. mein Anteil | N6: Laufende Kosten p.a. gesamt | O6: Laufende Kosten p.a. mein Anteil | P6: Zusatzkosten gesamt | Q6: Zusatzkosten mein Anteil | R6: Kaufpreisfaktor | S6: Bruttorendite gesamt | T6: Bruttorendite mein Anteil | U6: Rendite inkl. Zusatzkosten | V6: Nettoertrag p.a. mein Anteil | W6: Eigenkapital-Basis | X6: Netto-Eigenkapitalrendite
A7: Karlshafenerstraße 17, 34128 Kassel | B7: Zöller, Kozakevych, Akinci, Hamich | C7: =IFERROR(F7/D7,"") -> 0.5 | D7: =SUM(Mieterliste!$E$3:$E$6) -> 2495 | E7: =D7*12 -> 29940 | F7: =SUM(Mieterliste!$J$3:$J$6) -> 1247.5 | G7: =F7*12 -> 14970 | H7: 550000 | I7: =IF(H7="","",H7*C7) -> 275000 | J7: 450000 | K7: =IF(J7="","",J7*C7) -> 225000 | L7: 0.0157 | M7: =IF(OR(K7="",L7=""),"",K7*L7) -> 3532.5 | N7: 2000 | O7: =IF(N7="",0,N7*C7) -> 1000 | Q7: =IF(P7="",0,P7*C7) -> 0 | R7: =IFERROR(H7/E7,"") -> 18.370073 | S7: =IFERROR(E7/H7,"") -> 0.054436364 | T7: =IFERROR(G7/I7,"") -> 0.054436364 | U7: =IFERROR(G7/(I7+Q7),"") -> 0.054436364 | V7: =IF(M7="",G7-O7,G7-M7-O7) -> 10437.5 | W7: =IF(I7="","",I7+Q7-IF(K7="",0,K7)) -> 50000 | X7: =IFERROR(V7/W7,"") -> 0.20875
A8: Wilhelmshöherallee 200, 34119 Kassel | B8: Baba | C8: =IFERROR(F8/D8,"") -> 0.5 | D8: =SUM(Mieterliste!$E$7:$E$7) -> 750 | E8: =D8*12 -> 9000 | F8: =SUM(Mieterliste!$J$7:$J$7) -> 375 | G8: =F8*12 -> 4500 | H8: 200000 | I8: =IF(H8="","",H8*C8) -> 100000 | J8: 0 | K8: =IF(J8="","",J8*C8) -> 0 | L8: 0.02 | M8: =IF(OR(K8="",L8=""),"",K8*L8) -> 0 | N8: 700 | O8: =IF(N8="",0,N8*C8) -> 350 | Q8: =IF(P8="",0,P8*C8) -> 0 | R8: =IFERROR(H8/E8,"") -> 22.222222 | S8: =IFERROR(E8/H8,"") -> 0.045 | T8: =IFERROR(G8/I8,"") -> 0.045 | U8: =IFERROR(G8/(I8+Q8),"") -> 0.045 | V8: =IF(M8="",G8-O8,G8-M8-O8) -> 4150 | W8: =IF(I8="","",I8+Q8-IF(K8="",0,K8)) -> 100000 | X8: =IFERROR(V8/W8,"") -> 0.0415
A9: Heestweg 2, 22143 Hamburg | B9: Radtke | C9: =IFERROR(F9/D9,"") -> 0.33333333 | D9: =SUM(Mieterliste!$E$8:$E$8) -> 974.08 | E9: =D9*12 -> 11688.96 | F9: =SUM(Mieterliste!$J$8:$J$8) -> 324.69333 | G9: =F9*12 -> 3896.32 | H9: 350000 | I9: =IF(H9="","",H9*C9) -> 116666.67 | J9: 224500 | K9: =IF(J9="","",J9*C9) -> 74833.333 | L9: 0.0058 | M9: =IF(OR(K9="",L9=""),"",K9*L9) -> 434.03333 | N9: 900 | O9: =IF(N9="",0,N9*C9) -> 300 | Q9: =IF(P9="",0,P9*C9) -> 0 | R9: =IFERROR(H9/E9,"") -> 29.942784 | S9: =IFERROR(E9/H9,"") -> 0.033397029 | T9: =IFERROR(G9/I9,"") -> 0.033397029 | U9: =IFERROR(G9/(I9+Q9),"") -> 0.033397029 | V9: =IF(M9="",G9-O9,G9-M9-O9) -> 3162.2867 | W9: =IF(I9="","",I9+Q9-IF(K9="",0,K9)) -> 41833.333 | X9: =IFERROR(V9/W9,"") -> 0.07559251
A10: Nebelthaustraße 12, Kassel | B10: Al-Othman | C10: =IFERROR(F10/D10,"") -> 0.5 | D10: =SUM(Mieterliste!$E$9:$E$9) -> 750 | E10: =D10*12 -> 9000 | F10: =SUM(Mieterliste!$J$9:$J$9) -> 375 | G10: =F10*12 -> 4500 | H10: 140000 | I10: =IF(H10="","",H10*C10) -> 70000 | J10: 140000 | K10: =IF(J10="","",J10*C10) -> 70000 | L10: 0.0395 | M10: =IF(OR(K10="",L10=""),"",K10*L10) -> 2765 | N10: 500 | O10: =IF(N10="",0,N10*C10) -> 250 | Q10: =IF(P10="",0,P10*C10) -> 0 | R10: =IFERROR(H10/E10,"") -> 15.555556 | S10: =IFERROR(E10/H10,"") -> 0.064285714 | T10: =IFERROR(G10/I10,"") -> 0.064285714 | U10: =IFERROR(G10/(I10+Q10),"") -> 0.064285714 | V10: =IF(M10="",G10-O10,G10-M10-O10) -> 1485 | W10: =IF(I10="","",I10+Q10-IF(K10="",0,K10)) -> 0 | X10: =IFERROR(V10/W10,"")
A11: Summe / Durchschnitt | C11: =IFERROR(AVERAGE(C7:C10),"") -> 0.45833333 | D11: =SUM(D7:D10) -> 4969.08 | E11: =SUM(E7:E10) -> 59628.96 | F11: =SUM(F7:F10) -> 2322.1933 | G11: =SUM(G7:G10) -> 27866.32 | H11: =SUM(H7:H10) -> 1240000 | I11: =SUM(I7:I10) -> 561666.67 | J11: =SUM(J7:J10) -> 814500 | K11: =SUM(K7:K10) -> 369833.33 | L11: =IFERROR(AVERAGE(L7:L10),"") -> 0.02025 | M11: =SUM(M7:M10) -> 6731.5333 | N11: =SUM(N7:N10) -> 4100 | O11: =SUM(O7:O10) -> 1900 | P11: =SUM(P7:P10) -> 0 | Q11: =SUM(Q7:Q10) -> 0 | R11: =IFERROR(AVERAGE(R7:R10),"") -> 21.522659 | S11: =IFERROR(AVERAGE(S7:S10),"") -> 0.049279777 | T11: =IFERROR(AVERAGE(T7:T10),"") -> 0.049279777 | U11: =IFERROR(AVERAGE(U7:U10),"") -> 0.049279777 | V11: =SUM(V7:V10) -> 19234.787 | W11: =SUM(W7:W10) -> 191833.33 | X11: =IFERROR(AVERAGE(X7:X10),"") -> 0.10861417
